ticket,mae_low_model,mae_high_model,pearson_correlation_coefficient_low_model,pearson_correlation_coefficient_high_model,price,sample_size,p_success_buy_low_sell_high,num_interesting_bets
NUE,0.5923553315761956,0.6514571909625131,0.9818197735823689,0.9782713885189058,137.80999755859375,392,0.45408163265306123,89
MLM,0.8147473337454372,0.8693462696276003,0.9904036197230329,0.9889669122975157,313.5050048828125,227,0.42290748898678415,18
VMC,0.42448945661543575,0.4553366464878598,0.9870555650324311,0.9850151032088007,170.99000549316406,392,0.3622448979591837,9
FCX,0.17505968037202224,0.19038580960053667,0.9796734281390196,0.9722278585388785,27.844999313354492,391,0.47570332480818417,119
NEM,0.1372800713607519,0.15585798596308145,0.9760990607110857,0.9675694477959351,40.564998626708984,392,0.3877551020408163,20
FMC,0.26438452839819176,0.2558458540651469,0.9590301104929646,0.9621240028624427,111.63500213623047,392,0.42091836734693877,140
MOS,0.18565399873789148,0.2058018888525518,0.9674939570045896,0.9607617219387845,48.474998474121094,392,0.3596938775510204,36
CF,0.38740632391760743,0.4349028227007634,0.9600717938828474,0.9469701455645891,102.22000122070312,391,0.36828644501278773,60
CTVA,0.14157528267446198,0.16693001353961942,0.9892182848568071,0.9845787043327515,61.369998931884766,392,0.47959183673469385,116
EMN,0.21535996895761567,0.23743293548694552,0.9535507616189032,0.9475747372969486,98.33000183105469,391,0.3452685421994885,13
CE,0.30152150607659584,0.3314228795973796,0.9548515322202992,0.9473671697849161,89.72000122070312,391,0.35294117647058826,34
DD,0.15027562264121316,0.15988915925802505,0.9820862644774696,0.9790902269049014,53.09000015258789,391,0.38618925831202044,49
DOW,0.14678853572058106,0.1643529643803906,0.9604225315841,0.9489328717872784,51.75,391,0.36828644501278773,45
APD,0.5391718201417234,0.6037682057926388,0.9890694273442399,0.9864717901642963,259.30999755859375,392,0.3596938775510204,30
ALB,1.0238400501191678,1.154676910589969,0.9889749999377295,0.9875542966437613,237.58999633789062,393,0.35877862595419846,42
PPG,0.3526592815480697,0.38299608084012193,0.9339455121895495,0.9204208140765515,118.5,392,0.3086734693877551,5
LYB,0.2215211014861584,0.23971558213416003,0.9498899268769078,0.9397721216289152,80.2699966430664,392,0.3520408163265306,48
IFF,0.25172917616797397,0.2791456844285788,0.9796284063809567,0.9762849668227441,108.66999816894531,393,0.3256997455470738,23
ECL,0.4305006594418543,0.4759412927155234,0.9883623713316405,0.9857047372043419,148.5,392,0.37244897959183676,19
SHW,0.8148927703479346,0.9697772267358068,0.9762165700620918,0.9582273953972861,246.39349365234375,392,0.45408163265306123,26
LIN,0.8628551192874484,0.8553973855174044,0.9534722684143154,0.9530378932544912,312.260009765625,391,0.46547314578005117,51
NRG,0.11690503818774757,0.1278084903477503,0.9809590407794464,0.9776282682698166,39.2599983215332,391,0.47058823529411764,90
CEG,0.22861894221751528,0.26463900416791103,0.9641185047603449,0.9520174405046852,84.9800033569336,392,0.45663265306122447,96
AWK,0.31378022547737355,0.3450564673989851,0.9897620742005216,0.9873597262007862,148.88999938964844,391,0.4424552429667519,16
NI,0.06355074165035147,0.07040688168267638,0.9627306790655893,0.9582187540515805,30.985000610351562,391,0.34782608695652173,0
ATO,0.2038855730212088,0.22371146214422966,0.9697380362638413,0.9650033553710069,117.64920043945312,393,0.40966921119592875,6
CNP,0.05207627943477262,0.05735106493655378,0.986695380499385,0.9828629382794621,26.889999389648438,469,0.34541577825159914,15
AES,0.06879765372992262,0.07619267043007537,0.9909185683984645,0.9879689705132574,25.0,392,0.40561224489795916,37
FE,0.0855201954737164,0.09620962258581385,0.9631825942205987,0.9621710502206652,36.86000061035156,391,0.35805626598465473,2
ETR,0.23887966916522801,0.25146822235124733,0.985058480519652,0.9836061156080931,116.58000183105469,392,0.45663265306122447,13
PEG,0.12637318364004207,0.14275143525664213,0.9750271277769695,0.9706023094549988,69.59500122070312,391,0.3350383631713555,3
EXC,0.08570350381245415,0.09919945139923238,0.9864778828357831,0.9824297591137696,45.36000061035156,469,0.35394456289978676,1
SRE,0.3278163106300481,0.35995925162859765,0.9771856030794728,0.973992477749157,168.47999572753906,393,0.34096692111959287,1
D,0.14531665665453308,0.15680173072424314,0.9769214560957357,0.9738532520616466,69.05999755859375,392,0.43112244897959184,5
PNW,0.15836043005677844,0.17175910999725694,0.97952269390666,0.9759588113774146,76.8499984741211,391,0.3887468030690537,21
LNT,0.11531424971186328,0.12207738517509437,0.9736377646383129,0.9705302409430492,62.54999923706055,391,0.4117647058823529,2
EVRG,0.14200948464812352,0.1493441876027392,0.9771778762690588,0.9746770689316476,54.56999969482422,393,0.44274809160305345,14
CMS,0.12210746509698231,0.13404305825227597,0.9707376357596579,0.9652732272709174,69.11000061035156,393,0.4351145038167939,2
PPL,0.06310189283704033,0.0670271832023311,0.9739919290059543,0.9713128764790354,30.75,391,0.3836317135549872,16
AEE,0.15775249266389768,0.169473565611366,0.9799560463665489,0.9784437305931285,76.36000061035156,256,0.3984375,4
EIX,0.13052928923642979,0.1438699302594946,0.9721479035958068,0.9674360101551418,63.71500015258789,391,0.3554987212276215,1
DTE,0.2097223603204446,0.22779671790750167,0.9699701199670682,0.9649597598609337,133.63999938964844,391,0.42455242966751916,4
ES,0.1582679809343266,0.17194434076613213,0.9727649689864725,0.966022489903881,78.15499877929688,392,0.4336734693877551,0
WEC,0.1895389959446659,0.19741277251962513,0.9524734471895402,0.9443318004636709,105.72000122070312,391,0.4936061381074169,9
ED,0.16525231413975935,0.1748290376658885,0.9675279469599075,0.9619694920898938,100.80000305175781,391,0.43478260869565216,15
XEL,0.14208798795043018,0.16194976564371186,0.9795371915030641,0.9729905732732779,61.150001525878906,392,0.4030612244897959,11
AEP,0.18005514461306835,0.18829326865446966,0.9786500730885821,0.9755592007173499,96.93000030517578,391,0.4040920716112532,12
SO,0.12343672610118989,0.12642989870309962,0.975218817682303,0.9733590817955005,77.51000213623047,391,0.40664961636828645,1
DUK,0.1903144539983212,0.1957202713124203,0.976465500770745,0.9746911718623067,112.26499938964844,391,0.4884910485933504,6
NEE,0.20734274193647806,0.229788032593421,0.9867514876690825,0.985433895001601,73.83000183105469,391,0.3375959079283887,2
OKE,0.13279071311591759,0.14848656451211614,0.9861611675846831,0.982411708516824,51.59000015258789,391,0.3273657289002558,33
WMB,0.07579464307804759,0.07710752821745838,0.9737515680636819,0.9718316508710942,29.555500030517578,391,0.40664961636828645,56
KMI,0.04455052888963427,0.04737760614356768,0.9606137223839324,0.9629628071109021,17.764999389648438,391,0.4322250639386189,23
HAL,0.16298450141223472,0.196364900055799,0.9884903776131628,0.9847929708911232,27.6825008392334,391,0.5166240409207161,199
BKR,0.08861086634914399,0.09700182541637127,0.9304928324258297,0.9111720398317885,22.600000381469727,392,0.3852040816326531,124
SLB,0.21388983366721803,0.24626988736921726,0.9923573269643151,0.989810506701288,42.09000015258789,391,0.45012787723785164,175
PSX,0.2498930596992474,0.27901527545448057,0.9620512841401636,0.9515796486391143,88.52999877929688,391,0.3836317135549872,147
VLO,0.43606898624199103,0.46538816778783226,0.9393566551136339,0.933657060009754,111.88999938964844,391,0.4629156010230179,175
MPC,0.3061564251120602,0.3127350380373391,0.9421501614992286,0.9406336144711659,95.12999725341797,392,0.46683673469387754,169
APA,0.1591235745399257,0.17732974959374231,0.9902303627509771,0.9882495438184901,36.68000030517578,392,0.3647959183673469,135
MRO,0.09386668488746609,0.10745850830618152,0.9797442420607477,0.9727187326699538,28.079999923706055,391,0.36061381074168797,137
FANG,0.41038423769518484,0.47865644488764075,0.9836649203841107,0.9775458587391312,135.1199951171875,393,0.366412213740458,143
CTRA,0.0992599294482712,0.11010390360219217,0.9012265729173362,0.8841145880760166,30.34000015258789,391,0.3248081841432225,56
HES,0.5225554637799738,0.5769441977831488,0.9758513945962846,0.9700954894262226,120.30000305175781,392,0.3877551020408163,147
DVN,0.23330023390365554,0.27434255160391374,0.9805896355720002,0.9736715326817846,74.5999984741211,391,0.35038363171355497,120
PXD,0.8006141160310563,0.90441669147132,0.9858909305712221,0.9814757480197008,253.30999755859375,391,0.3989769820971867,133
OXY,0.21233435193760083,0.25171664335446226,0.9725032679843475,0.9629729593264176,64.93000030517578,391,0.3375959079283887,96
EOG,0.38408071735344507,0.42682538678591075,0.9477035212734907,0.9371909873591573,122.75,391,0.3452685421994885,134
COP,0.3441998485214799,0.3827879163613014,0.9603013504138054,0.9525368567340048,116.36499786376953,392,0.3596938775510204,138
CVX,0.3908881958616047,0.422760522057594,0.9823148498814085,0.976511946030156,156.33999633789062,391,0.4833759590792839,184
XOM,0.21373149155218937,0.2595008888839697,0.9662321065639815,0.9493314965003037,92.56999969482422,391,0.37851662404092073,146
HST,0.04241073114970276,0.04892414954555402,0.9725824855655807,0.9657884333457367,17.2450008392334,391,0.33248081841432225,42
CBRE,0.17716975211489613,0.19538896977024722,0.9919405516221923,0.9902507454245523,86.45999908447266,393,0.35368956743002544,14
VICI,0.0621468925998671,0.06993682428728486,0.9804564030310453,0.9774435141873767,30.575000762939453,391,0.3069053708439898,2
PEAK,0.063498335310284,0.07039361753107898,0.9493800526247457,0.9425925941380371,26.56999969482422,392,0.2729591836734694,6
VTR,0.11038682458942982,0.12150685417257807,0.9765872487468571,0.9742118731876005,41.54499816894531,391,0.33248081841432225,3
WELL,0.17557947523808254,0.18713845572421686,0.9723684099468106,0.9686375628610858,63.60459899902344,391,0.32225063938618925,4
VNO,0.07810684683763268,0.08315737858898321,0.9904640325757135,0.9877774765697701,26.309999465942383,391,0.3734015345268542,19
BXP,0.18957792327673903,0.20135847342339047,0.9569577587006661,0.9610147319571175,73.91000366210938,391,0.3375959079283887,6
ARE,0.39580706693854256,0.4634129204490199,0.9876907279617825,0.9840306535569902,134.00999450683594,391,0.37851662404092073,11
DLR,0.2881539465396027,0.315635956415006,0.9866174559229545,0.9840066713505154,130.4199981689453,391,0.38107416879795397,30
FRT,0.21394974710660514,0.2325059333462272,0.9886535671593784,0.9869910404262816,90.48500061035156,332,0.4457831325301205,32
REG,0.13486349196091357,0.1483379426398813,0.9918332209510328,0.9905535061591687,60.970001220703125,392,0.413265306122449,20
KIM,0.05614905342157624,0.06144437984881461,0.9879929707831854,0.9859415743832395,18.799999237060547,391,0.37595907928388744,40
SPG,0.287008312916048,0.30050057300358884,0.9913518618115412,0.9905062116491613,98.43000030517578,391,0.4322250639386189,68
O,0.11922313939011578,0.12645011530880282,0.9884565327380224,0.9870528213686081,58.40999984741211,391,0.42710997442455245,8
CPT,0.2810034339790039,0.29128020308948377,0.9661702853685836,0.9650885455986388,146.1999969482422,391,0.3350383631713555,4
UDR,0.09520939809187247,0.10284202876331595,0.9648357023381003,0.9642268598982655,45.224998474121094,395,0.3037974683544304,5
ESS,0.6280871729566649,0.6528567249254962,0.9100869169400666,0.9127870110914262,227.44000244140625,165,0.2,2
MAA,0.3773769004792108,0.4383445268719287,0.9735728001252467,0.968360215507417,155.3800048828125,256,0.30078125,6
EQR,0.1652512438954962,0.1749857558567411,0.9591436756326611,0.9589018735027421,64.55000305175781,392,0.37755102040816324,7
AVB,0.43918107068834183,0.48695035233680306,0.9406375391216484,0.9315135125029039,172.8300018310547,392,0.30612244897959184,3
EXR,0.4611092668069474,0.48917147809217504,0.9787249193027385,0.9769375216193795,200.91000366210938,392,0.3903061224489796,6
PSA,0.6563216181974048,0.7377012371841557,0.9618281787584733,0.9540362053545526,295.6700134277344,393,0.3893129770992366,16
PLD,0.3117784973138313,0.360987143638396,0.9867174895592564,0.981237625290609,105.48999786376953,392,0.42091836734693877,16
IRM,0.1477229658074433,0.1537196076800282,0.9856539114737815,0.9843504996212692,44.18000030517578,391,0.4296675191815857,41
WY,0.07456889982354778,0.08285553616790237,0.9907462151427776,0.9891762818658316,31.53499984741211,392,0.41836734693877553,34
SBAC,0.783788384597493,0.8439801452603792,0.9695081543808587,0.9662558571111224,310.3699951171875,392,0.3494897959183674,3
EQIX,1.4918921210607756,1.495399001178551,0.9887247668231798,0.9881432345760133,564.0599975585938,247,0.38866396761133604,6
CCI,0.4342637749195677,0.48205740296712246,0.9611873878503352,0.9558455900563916,155.20989990234375,391,0.33248081841432225,0
AMT,0.5929251153730514,0.656454689683431,0.9771715838256713,0.9710526682315155,257.1000061035156,391,0.391304347826087,4
ALLE,0.28400233494540206,0.3201564433012856,0.9902656616073923,0.9882462746258063,106.375,380,0.41842105263157897,36
AVY,0.5190004589552689,0.5489492437771086,0.9539481182460495,0.9513479414259481,165.24000549316406,265,0.4679245283018868,33
URI,0.9864380126946823,1.0796911876668052,0.9865032321433401,0.9833998434871547,283.6003112792969,351,0.4017094017094017,22
SNA,0.6423479408766452,0.663851166206019,0.9820142980984015,0.980790282352698,210.17999267578125,207,0.3188405797101449,4
SWK,0.24701854888479366,0.26812977717049996,0.9903651252105303,0.9887134877107835,76.81999969482422,391,0.4296675191815857,4
ODFL,1.1364007960481464,1.3484046233354559,0.9731173625303422,0.9589564957543175,277.4750061035156,392,0.42091836734693877,32
MAS,0.17322250703723574,0.19023475286157535,0.9740796506960341,0.9701512941141314,47.7599983215332,391,0.391304347826087,3
CARR,0.11236680497055977,0.12201071103185296,0.9895066210343127,0.9882384054403827,38.310001373291016,391,0.3657289002557545,13
GWW,1.8140099816915205,2.074563740143776,0.8278306468350383,0.7914176674721132,525.4600219726562,45,0.3333333333333333,9
FAST,0.11469853873840445,0.11837103208090262,0.9747238555021447,0.973292263400464,52.08000183105469,392,0.33418367346938777,3
EFX,0.6161267938046203,0.638835723776403,0.9872461459738427,0.9867449778917949,197.50999450683594,391,0.3631713554987212,1
VRSK,0.3973783599873728,0.43408280444123,0.9865092679441139,0.9842140682154822,173.41000366210938,391,0.3836317135549872,0
J,0.29533981784026314,0.32112627729193755,0.9747582124998386,0.9641672814584282,112.33999633789062,373,0.2546916890080429,9
PWR,0.3852557039600958,0.4464652571174339,0.9914357502998911,0.9889946828680771,138.58999633789062,392,0.4030612244897959,45
JCI,0.17329399530722725,0.17726234869829754,0.9944390645622354,0.9938159191701029,49.95000076293945,391,0.45268542199488493,57
ALK,0.15010834247906954,0.15821354728629594,0.9870632024234434,0.9877767868044003,41.9900016784668,391,0.3631713554987212,35
AAL,0.0514592533532631,0.05526716340572931,0.9701439845937754,0.9672384078437091,13.34000015258789,391,0.27621483375959077,52
UAL,0.15722624468061086,0.17468004668362805,0.9872715679924685,0.9832431414972896,33.78969955444336,392,0.4642857142857143,166
DAL,0.09700544418063264,0.10567636919712312,0.9811325204083738,0.9751431774846586,28.395000457763672,391,0.4117647058823529,88
LUV,0.0907341541727749,0.10412954811390837,0.9871489388591713,0.9824622816593065,37.26499938964844,391,0.3554987212276215,36
CPRT,0.26901997393948024,0.29244342266507206,0.98512582019101,0.9824158525331763,130.55499267578125,392,0.4387755102040816,25
GPN,0.3755845507728464,0.40349000283167413,0.9846650855078756,0.9824809463819708,127.48999786376953,392,0.3520408163265306,28
CTAS,0.8072335103577992,0.9020049068639089,0.9905646383486881,0.9888461718119481,428.489990234375,273,0.358974358974359,23
RSG,0.28145216570737813,0.30013622741202517,0.9379206291910438,0.9238541728079835,146.44000244140625,392,0.3010204081632653,14
WM,0.3393306755744734,0.3973461411965782,0.9557910352616243,0.9429163240083882,172.30999755859375,391,0.35294117647058826,9
RHI,0.3505449361664576,0.41055269295100116,0.9835166797664712,0.9784078895010236,78.55999755859375,391,0.35294117647058826,14
PAYX,0.2803053392883055,0.31431919942314646,0.9838314606472534,0.9793726708457191,122.88999938964844,392,0.34183673469387754,13
ADP,0.5693293931332433,0.7038639829988642,0.966135985718101,0.9225442585378651,246.02999877929688,391,0.40664961636828645,22
PCAR,0.2628549641300782,0.3587378551902429,0.9740101420891154,0.9436466366620759,93.06999969482422,391,0.4961636828644501,82
DE,0.8411691468236993,0.9163855367175896,0.9920825995025837,0.9907792356666594,343.0450134277344,391,0.46547314578005117,139
CAT,0.460739296531091,0.5175684805931966,0.9929634762534835,0.9904837430106899,171.0500030517578,391,0.5294117647058824,121
CHRW,0.24159843993032212,0.24912846423371784,0.9647904109487205,0.961141013563786,97.22000122070312,392,0.42346938775510207,2
EXPD,0.25698495055738724,0.2933421413335905,0.9877157309774816,0.9843428646260505,101.9749984741211,392,0.4413265306122449,57
JBHT,0.590035343388853,0.6491686523148963,0.9333952335561748,0.9255928010482085,165.05999755859375,393,0.3994910941475827,8
FDX,0.43478480002775033,0.4792684845149265,0.9598757303378058,0.9518182044622945,157.8000030517578,392,0.37244897959183676,15
UPS,0.5549774554303254,0.6156999588770696,0.9562951709433134,0.9406272716645143,165.19000244140625,391,0.36828644501278773,16
WAB,0.2252244681834064,0.24642732051974148,0.9901230230463773,0.9878786766657794,94.80999755859375,345,0.4289855072463768,36
NSC,0.7449242018587272,0.8453030442902636,0.9745128453083816,0.9629460835447873,257.69000244140625,391,0.35805626598465473,2
CSX,0.10136211256505735,0.11005937540725547,0.9597621569918335,0.9415792929742209,32.900001525878906,391,0.38618925831202044,26
UNP,0.5523390319383172,0.6106865108782681,0.9749194208832489,0.967410164414871,239.22000122070312,391,0.34271099744245526,0
HII,0.6618633088754877,0.6884363084263853,0.985880317683481,0.9840154368214626,232.80999755859375,231,0.5108225108225108,111
TXT,0.15164569639035055,0.17198655562845708,0.9894406225576431,0.9857783169508261,60.400001525878906,333,0.34534534534534533,25
LHX,0.5494961517298661,0.5995713626028112,0.9889602888786321,0.9858269503780338,233.06500244140625,391,0.5447570332480819,175
GD,0.5037448362268087,0.5796398245230739,0.979894874072182,0.9749072158878593,241.92999267578125,391,0.5370843989769821,163
NOC,1.3154384840423483,1.3776980165273003,0.9720668970469802,0.9631167368960816,489.1824951171875,394,0.5786802030456852,213
BA,0.4663230528983146,0.5309985279671318,0.9758383239464316,0.9745852978710483,160.30999755859375,392,0.32142857142857145,51
LMT,1.1630134014250977,1.3168379122778096,0.9853892001008969,0.9807215111012029,424.3900146484375,391,0.5498721227621484,195
RTX,0.2302450108966607,0.2560474153119737,0.9654894989120298,0.9584322585409597,88.69000244140625,391,0.4040920716112532,76
PNR,0.17043233303291197,0.21536025376248255,0.9773687659649376,0.9386684355865622,41.7599983215332,391,0.35294117647058826,7
AOS,0.14427118178243628,0.15688402783275376,0.984718814752262,0.9800730833493243,48.709999084472656,392,0.4413265306122449,23
HWM,0.09699271151858593,0.10161646166411775,0.9716746272957681,0.968287644780485,33.685001373291016,392,0.461734693877551,63
IEX,0.5903077192570302,0.6834719399646144,0.9946321464305178,0.9926070657104903,202.6699981689453,224,0.5089285714285714,59
GNRC,0.7806570080135627,0.9461076943123446,0.9762779235481389,0.9680586279321887,229.35000610351562,393,0.2748091603053435,0
XYL,0.2589044737507483,0.2763639729792088,0.9875380624180794,0.983280888033181,94.16000366210938,257,0.48249027237354086,56
IR,0.13637461246217966,0.15106823758144625,0.9899027916598155,0.987434433338838,47.39500045776367,392,0.4107142857142857,37
DOV,0.3814186279192998,0.40372978532193265,0.9778485252891638,0.9744801811297736,121.72000122070312,392,0.4642857142857143,45
ROK,0.6290573346422631,0.6844631111689979,0.9828427625010582,0.9781858595744032,252.99349975585938,340,0.40588235294117647,27
AME,0.2946666988140505,0.3090153562850563,0.990306795667856,0.9886051261599751,125.58000183105469,392,0.45918367346938777,36
CMI,0.6781393752405169,0.7306496658175323,0.9847155467566915,0.9824683509555847,219.27000427246094,391,0.5754475703324808,165
OTIS,0.17233370501455159,0.18530179637813876,0.9584571953078314,0.9530397471641983,74.44999694824219,256,0.41796875,22
TT,0.5185218943242876,0.5602525157181709,0.9869201973737659,0.9850727530611074,159.5449981689453,391,0.37595907928388744,17
PH,0.7674179336095983,0.8480615318408339,0.9915699237565426,0.9899234800852852,271.7749938964844,391,0.46035805626598464,80
ROP,1.026700628660023,1.2295188651093518,0.972325421020034,0.9585483158435381,397.29998779296875,325,0.3384615384615385,20
EMR,0.18410078398283844,0.19348795792842463,0.989181657790293,0.9871984089536783,82.30000305175781,392,0.48214285714285715,77
ETN,0.3666005341930339,0.40840622532352455,0.9906358273420873,0.9872329227007574,139.99000549316406,391,0.43478260869565216,38
ITW,0.6336808115212745,0.7082342044377217,0.9924047147064514,0.9896910968585851,209.4499969482422,391,0.4936061381074169,74
GE,0.24362969415051597,0.27819448969336646,0.97918127337896,0.9740479357304763,64.0999984741211,391,0.5012787723785166,94
MMM,0.3413407098376599,0.3748190330037631,0.9788274078312175,0.973834904859274,143.1699981689453,391,0.4092071611253197,35
HON,0.42478950704575535,0.45440852984532915,0.9922988973781078,0.9899709168976615,191.72999572753906,391,0.45268542199488493,67
TAP,0.1109550518496641,0.11461608887004092,0.9789375208811243,0.9770921426155358,55.52000045776367,392,0.4362244897959184,28
KR,0.11414113378151934,0.12615109841848957,0.9839588536535498,0.98233506164234,44.47999954223633,391,0.40153452685422,4
SYY,0.16663742654654748,0.181240502200644,0.9969796580454334,0.9964062079291898,75.29499816894531,255,0.4470588235294118,39
TSN,0.1500699815636547,0.17003451905073896,0.9839806272733153,0.978663053390229,72.44499969482422,391,0.42710997442455245,8
ADM,0.26636124568635844,0.3180004093280686,0.9785815377105855,0.965833893163645,81.76000213623047,255,0.6274509803921569,129
BF-B,0.13056983729618352,0.1402009445661661,0.9918407400223084,0.9899865195345483,65.5199966430664,392,0.49744897959183676,2
STZ,0.5520747322715622,0.6091568002363469,0.9911900347276558,0.9862421237170531,223.77679443359375,391,0.5012787723785166,16
HSY,0.43207852539456815,0.4637780981326714,0.9848159344731308,0.9824527534565247,225.43499755859375,391,0.5831202046035806,83
MDLZ,0.11207574367791591,0.12725888545601893,0.9907545405067858,0.9871923523145187,64.70500183105469,255,0.3686274509803922,20
LW,0.20349053629657354,0.21395099831441788,0.9594821704456836,0.9568533755749387,81.97000122070312,391,0.4194373401534527,97
SJM,0.2633656153101459,0.3070782292516923,0.9830926585899287,0.9753618389064942,141.57000732421875,391,0.4731457800511509,106
CPB,0.10132984318046545,0.1094937825758469,0.9457408555425482,0.9364424141702318,47.599998474121094,391,0.3657289002557545,77
CAG,0.06245920682675361,0.06773791074542802,0.9440573234500543,0.9334297228987881,34.130001068115234,392,0.41581632653061223,46
MKC,0.1867877712568365,0.1926188796649674,0.9786210558548936,0.9764731306253501,72.98500061035156,394,0.4035532994923858,8
K,0.1531228732445911,0.1679071361269319,0.9584952100029414,0.9523045313673836,70.0199966430664,391,0.4859335038363171,27
HRL,0.09298657258543676,0.10251985097668805,0.9132661363169247,0.9030080688834543,46.529998779296875,391,0.3631713554987212,0
GIS,0.14864858957182933,0.16294022873660632,0.9348136470007185,0.9264737465807782,77.44999694824219,392,0.4362244897959184,22
KHC,0.08547440055538355,0.10741683687167508,0.9772358543966655,0.9617587469752027,38.56999969482422,393,0.3969465648854962,64
MO,0.08195947408048815,0.08803707855454314,0.9868420605519723,0.9840264439475741,45.7599983215332,392,0.42857142857142855,60
PM,0.19884952876536463,0.22193968490190447,0.9767867399599482,0.9713555962083291,94.63500213623047,391,0.4296675191815857,20
NWL,0.046001018871083356,0.0487628765862192,0.9859994230734834,0.9842730836448936,20.4950008392334,392,0.3877551020408163,50
CLX,0.31135279225743073,0.3244344384146484,0.9824463836747415,0.9805053804744903,131.65499877929688,391,0.41687979539641945,36
CHD,0.16121965412087122,0.17569819287253674,0.9834747506328426,0.9782828249008934,75.30999755859375,391,0.4398976982097187,18
KMB,0.2541649035545838,0.29212035521357843,0.9882053099235705,0.9851689501696784,136.8699951171875,392,0.4872448979591837,25
CL,0.1364229636419403,0.15227755980553406,0.9698324887972113,0.9653521039679993,80.30000305175781,392,0.4005102040816326,13
EL,0.7307137634508429,0.7755681165699158,0.9670749545911533,0.9642199468498449,213.6750030517578,391,0.34782608695652173,0
PG,0.23767548396487934,0.2552740767329961,0.9729885191316818,0.9694401648004014,136.24000549316406,391,0.3887468030690537,18
MNST,0.2065307558417836,0.23768137247251103,0.9800840419134209,0.9708233085994835,90.1500015258789,256,0.48046875,21
KDP,0.07695190363147253,0.08722619762232107,0.9764562346869515,0.9721989318039949,38.82500076293945,391,0.42455242966751916,34
PEP,0.31344196670475455,0.355947089573062,0.9847836457394364,0.9796763613185289,166.4199981689453,392,0.41581632653061223,74
KO,0.140242446211563,0.1614443165276003,0.9890725961875381,0.9845004610146558,59.58000183105469,392,0.4744897959183674,32
DLTR,0.41930029901360666,0.47764669867620657,0.9946272332294739,0.9933125111837551,142.8699951171875,393,0.4300254452926209,61
DG,0.5974211167616319,0.6880976895645623,0.9871979105851336,0.9808363343572856,242.7489013671875,393,0.4631043256997455,29
TGT,0.49566443234171625,0.5771039485607582,0.988813819863461,0.9846369899156312,170.60000610351562,392,0.4260204081632653,51
COST,1.1790158306309306,1.230890556480309,0.9916943995844621,0.9903385199501267,463.9700012207031,391,0.4680306905370844,31
WMT,0.2494119803878965,0.29021775527626786,0.9903453246315721,0.9871114939895189,131.33999633789062,391,0.5268542199488491,123
TPR,0.12730724159955345,0.13488995935831857,0.9619890635782055,0.9567693216718983,34.415000915527344,392,0.38010204081632654,21
KMX,0.2575696719101945,0.2953184176195281,0.9893579094003201,0.9850413803166993,68.68000030517578,391,0.36828644501278773,1
ROL,0.1446024303777862,0.16339509388052412,0.9539159096434423,0.9333175373463368,35.474998474121094,393,0.4529262086513995,65
MHK,0.388427200296082,0.43234939930338123,0.9701833270899615,0.9632487428452589,107.05999755859375,391,0.3887468030690537,25
FBHS,0.21960248045688394,0.23330152236623894,0.9854242825719812,0.9831620221899209,68.875,392,0.45153061224489793,10
WHR,0.5742430444085453,0.5828971566447202,0.95291923377647,0.9445592008686106,137.25,391,0.37084398976982097,0
HAS,0.17814813981072855,0.2047181401759145,0.9750843847188589,0.9672484158364539,83.26000213623047,393,0.3460559796437659,0
POOL,1.3661697006890856,1.544803150050987,0.9771917971954749,0.972452770997554,341.1499938964844,391,0.4296675191815857,0
PVH,0.210748269151999,0.2328407268179472,0.9897238275158896,0.9871966924335815,49.58000183105469,391,0.3938618925831202,24
RL,0.3239205541205335,0.3453853836103346,0.9745243477746001,0.9713309815299161,94.0999984741211,392,0.3596938775510204,33
VFC,0.09627145269385647,0.10743205123100574,0.9737678919170282,0.9707534467997864,38.111698150634766,391,0.35038363171355497,0
BWA,0.10216363056559834,0.11426348025099511,0.9907370722725618,0.9885762408444294,33.0,391,0.37595907928388744,41
LKQ,0.12529382327776276,0.13522941304918457,0.9919242034201325,0.989750899440378,49.31999969482422,392,0.4897959183673469,58
APTV,0.31065365147883045,0.34660486998238915,0.9799435502406547,0.9768515347945743,90.76000213623047,392,0.30357142857142855,23
PENN,0.1428882166192873,0.14800522595494464,0.9885361062187714,0.9879506084238174,28.110000610351562,392,0.45153061224489793,40
WYNN,0.3249369935954005,0.3730037516395704,0.9310754531883306,0.9091560519735703,68.3550033569336,392,0.35459183673469385,1
CZR,0.23005516997284506,0.24340942266925136,0.9917529082913827,0.9908578788414059,34.06999969482422,393,0.4758269720101781,63
MGM,0.12110279998354943,0.1329708226914651,0.9792363517916949,0.97029877003874,31.139999389648438,391,0.45012787723785164,58
LVS,0.23068886210988523,0.25854810982884513,0.9760886179951559,0.9659216111139524,36.619998931884766,391,0.42455242966751916,25
PHM,0.15796936365291778,0.1820051454373582,0.9794733391173812,0.9675020107272987,41.095001220703125,392,0.3622448979591837,7
NVR,24.00596418164931,26.77140421636981,0.3983609084769426,0.33748589683117797,4168.5,53,0.4528301886792453,0
LEN,0.2960141706896438,0.3301130055383451,0.9900598257264612,0.9863160520528667,83.69999694824219,392,0.40561224489795916,13
DHI,0.2678358741895514,0.3175223252485851,0.9941419804984639,0.9911351144628449,79.11000061035156,391,0.4859335038363171,44
HLT,0.4457007300933518,0.4925527221196445,0.8928404662757613,0.8905575318712343,137.6699981689453,391,0.4398976982097187,63
MAR,0.40591151879935894,0.44991775684615354,0.9801950959626262,0.9754685415300252,160.52999877929688,393,0.3944020356234097,45
SEE,0.10818872966127656,0.11512807760443514,0.9637712197404787,0.960284250816382,58.25,391,0.3554987212276215,28
WRK,0.09682410471207792,0.1108239095440988,0.9697612841773049,0.9615711984888519,38.369998931884766,391,0.42455242966751916,33
PKG,0.35605537676342514,0.38622506866585576,0.9518461687518492,0.949632964714962,115.73999786376953,359,0.4401114206128134,10
IP,0.07954588212395011,0.08745883478710063,0.9741660216669642,0.9684991671797664,42.53499984741211,391,0.4040920716112532,18
AMCR,0.024319024980779827,0.0262475046183524,0.9881214307384192,0.9856612910629304,12.65999984741211,391,0.4194373401534527,30
BALL,0.18456203497282997,0.20538770991178718,0.8410712558291928,0.8091993594935767,57.439998626708984,392,0.3877551020408163,1
ROST,0.3410069078248385,0.37449118106989704,0.9940722608088516,0.9929048497090194,85.33999633789062,391,0.5166240409207161,81
TJX,0.17520477521104222,0.19300543419451152,0.9938940230496938,0.9925295610610894,65.80999755859375,391,0.5268542199488491,168
NCLH,0.06841610485943539,0.07154934261042019,0.9914688365081747,0.990254841729583,12.774999618530273,393,0.5241730279898219,168
RCL,0.21974029685255023,0.23618204919419997,0.9803798759366462,0.9775879038577526,48.13999938964844,469,0.3411513859275053,136
CCL,0.047858965950448994,0.053762832399312475,0.982345942208404,0.9767961115237559,7.28000020980835,391,0.3171355498721228,33
EXPE,0.35884789826044955,0.3618246492619081,0.9565153305484063,0.9592268405435275,105.66000366210938,391,0.329923273657289,21
BKNG,4.949523744306897,5.368224165863675,0.9868019106840752,0.9841161007298429,1676.06005859375,212,0.5330188679245284,48
NKE,0.2793079869362046,0.2995294430444839,0.9835722146740362,0.981306824910375,116.44000244140625,391,0.42710997442455245,14
BBWI,0.18423648969889123,0.1969009243913527,0.9560936172065209,0.9529026048528578,32.34000015258789,391,0.340153452685422,4
AAP,0.429556541906715,0.47242609922100137,0.9894800768048008,0.9867957438955497,171.61000061035156,392,0.4362244897959184,72
BBY,0.21858517714225262,0.24461028952164235,0.9654731742584828,0.9603126152369382,64.0,391,0.3171355498721228,4
GPC,0.5030651697987252,0.5878469961084046,0.9917515624422869,0.9888811842091132,147.94000244140625,392,0.6275510204081632,172
ULTA,1.270761271825557,1.3449246416569365,0.9776648384502975,0.9737567677603921,383.239990234375,391,0.35805626598465473,13
TSCO,0.901277111668589,0.9846752461767746,0.9858670028005354,0.9824694918420901,203.25999450683594,391,0.5012787723785166,127
ORLY,1.6656277344964812,1.7992934135958452,0.9881808764791817,0.9853408464137746,702.8499755859375,352,0.45454545454545453,124
DPZ,0.9849661544874532,1.0249645245955576,0.9523557561092756,0.9459890254571965,411.07501220703125,392,0.3494897959183674,10
DRI,0.2853536832915714,0.3173125180457363,0.9830553606015777,0.9797399889853491,126.80999755859375,391,0.46547314578005117,123
YUM,0.22275116084106053,0.2422762125565888,0.9688328979270721,0.9640554325336863,106.75,391,0.3554987212276215,14
CMG,7.190468054356721,7.7233884323442075,0.8944227710313564,0.8718065682377271,1559.1600341796875,152,0.375,18
SBUX,0.2486361215295089,0.2742712238963251,0.9756008667502591,0.9693930430770956,86.9000015258789,391,0.329923273657289,24
MCD,0.3714731360126106,0.41160458065340255,0.9842370294081659,0.9805777815657448,258.4150085449219,391,0.39641943734015345,50
LOW,0.6115466268083483,0.6489144767912611,0.9890175920144744,0.9865906513372125,214.36500549316406,391,0.39641943734015345,5
HD,0.7677514110798477,0.8590378156071927,0.9895338769775729,0.985920551425495,276.6600036621094,391,0.391304347826087,15
GM,0.13339067705187097,0.15292808674008318,0.9934911715634985,0.9896658254394365,37.970001220703125,391,0.4833759590792839,41
F,0.0431086772227116,0.04627718288667262,0.9870777171832814,0.9851891611364357,11.699899673461914,391,0.40664961636828645,33
TSLA,1.0582669495272061,1.081234941362785,0.9757858582741293,0.9765720297875915,308.2325134277344,393,0.4300254452926209,3
ETSY,0.5611939059144319,0.5915910038289656,0.9724550597073843,0.9702772178221956,108.69000244140625,392,0.3596938775510204,12
EBAY,0.12244969981766862,0.1295239353243119,0.9770747051549885,0.9738499348354103,45.47999954223633,392,0.42091836734693877,15
AMZN,0.4118123219728737,0.41389868877709357,0.9503030345612699,0.9506530398782793,113.97000122070312,392,0.3622448979591837,27
WBA,0.09063632181512098,0.10176121228491515,0.9848252551018475,0.9815587583075503,33.14500045776367,391,0.41687979539641945,54
UHS,0.49270604963368786,0.5542468933107213,0.9660249266433767,0.961946400230816,90.51000213623047,329,0.4316109422492401,23
DVA,0.31793582078830285,0.3510511718088071,0.9863763600064015,0.9835889875169566,92.56999969482422,392,0.5637755102040817,131
HCA,1.213320309926436,1.3588925979851616,0.9799942515129556,0.9750140504753956,207.75999450683594,391,0.5166240409207161,61
HSIC,0.16675557896123605,0.19062223246082116,0.9795059295387359,0.9706887582331977,77.1500015258789,256,0.33984375,19
CAH,0.1867759196226182,0.2092525985048495,0.9844560956074686,0.9773600386177399,70.58999633789062,391,0.4859335038363171,163
ABC,0.34094789399933884,0.3680145669164052,0.9940442170460723,0.9926445632097854,141.27499389648438,392,0.5459183673469388,115
MCK,0.9853048833878525,1.0625227677686988,0.9904150010289626,0.9879846203064013,366.44000244140625,391,0.6317135549872123,177
VTRS,0.023566695821454053,0.02731861692490805,0.9856605180253539,0.9819403984150673,8.4399995803833,391,0.3452685421994885,39
CTLT,0.33040820945025606,0.36769121149041106,0.9709554575223983,0.9614776337999834,92.81999969482422,392,0.35459183673469385,0
ZTS,0.368527159997141,0.41062966513519533,0.9861770040724926,0.9839099716428445,163.2899932861328,391,0.37851662404092073,6
TECH,1.0754467183868885,1.2084114271576392,0.9914108482503995,0.989691218019146,290.489990234375,134,0.3880597014925373,3
INCY,0.17075005244940783,0.18499129740116266,0.9900472556169878,0.9879600966325979,66.68000030517578,392,0.47959183673469385,77
REGN,1.8323947250914663,1.990522393004584,0.9864123871340977,0.9850091486793744,643.135009765625,305,0.43278688524590164,92
MRNA,0.8127889861581694,1.0105164525320105,0.9855026419802071,0.9787523157630447,134.95480346679688,391,0.3554987212276215,46
VRTX,0.8925173537442846,0.9475461800726774,0.9880500535162499,0.9850012210102755,290.90618896484375,393,0.4961832061068702,134
XRAY,0.08568313091686036,0.09322088885642003,0.987001595557417,0.9847654142029059,28.80500030517578,393,0.3638676844783715,13
TFX,0.6738342041279379,0.7301871619544642,0.9867375800457301,0.9852505562941468,219.5500030517578,189,0.3862433862433862,8
COO,0.8905351995450763,0.9544771221447206,0.9846732598511976,0.9846778647744783,250.50999450683594,200,0.245,11
HOLX,0.15361755317783138,0.17813255383819754,0.9905616503897486,0.9876135639764058,65.23999786376953,393,0.32061068702290074,6
STE,0.38221909794922876,0.4638379135898762,0.9874939200685396,0.9830240059554559,161.52499389648438,275,0.3236363636363636,7
WST,0.9673570470858318,1.0397472314918585,0.9832569596379641,0.9789731236882631,253.65499877929688,392,0.4107142857142857,4
RMD,0.6204900251219349,0.673450912012966,0.98920809212999,0.9876773415735787,222.2100067138672,337,0.37388724035608306,40
BAX,0.13985728891006485,0.15082829728635969,0.9784451009818774,0.9757367031510196,55.349998474121094,391,0.37084398976982097,12
BDX,0.49487127153309457,0.5777274860944235,0.9727518744173254,0.9659608250874347,231.5,392,0.2729591836734694,2
ISRG,1.0003528797208616,1.173093809965034,0.9912022684495301,0.9874436780961725,189.08999633789062,391,0.44501278772378516,115
ABMD,0.772757579942842,0.8290729848385133,0.345802525032321,0.20678310692916105,258.510009765625,51,0.47058823529411764,4
ALGN,1.0661074942002693,1.1842448801869967,0.9846227613206778,0.9814524641691857,253.52499389648438,391,0.34271099744245526,12
ZBH,0.286095413495626,0.3084544628452669,0.9817583227775241,0.9802646547451235,104.5,391,0.3452685421994885,18
BSX,0.10424046743325646,0.111106601420899,0.9688208964875026,0.9586000960900708,42.28499984741211,391,0.47058823529411764,41
EW,0.2578143184912813,0.2893220124753319,0.9681143187876411,0.9613149985682752,97.0250015258789,391,0.29411764705882354,12
SYK,0.5460249870870664,0.5942673767616413,0.9890825049145903,0.985499401987741,205.60000610351562,392,0.5,106
MDT,0.1813464363692693,0.1993519225161844,0.9745542484640196,0.9671724226724505,92.22000122070312,391,0.3631713554987212,9
ABT,0.24483681618360603,0.2854998997086981,0.9716744553406927,0.9633883681974638,111.54000091552734,391,0.27365728900255754,0
CRL,0.9704339410910013,1.0951880039536184,0.9656544618471867,0.9478120549032605,214.6750030517578,391,0.37084398976982097,53
DGX,0.5009245480304743,0.5772203116123596,0.9885214353337659,0.9844246822641585,134.968994140625,391,0.5601023017902813,169
PKI,0.37671810612481077,0.41756096709214696,0.9923712417791835,0.9905487609908189,142.4149932861328,392,0.41581632653061223,46
WAT,0.9429526981928695,0.9246645009610885,0.9877749742698172,0.9870011873449608,272.7699890136719,241,0.4024896265560166,9
LH,0.7620925654802209,0.8550815400443487,0.9836463752042017,0.9786844429437616,226.83999633789062,391,0.4424552429667519,31
ILMN,0.8947316682796556,1.0216014509782523,0.9918375257759406,0.9898010849419943,202.99000549316406,392,0.44642857142857145,132
IDXX,1.2752253492372394,1.3561985010440079,0.9860718231035153,0.9836599501107516,349.75,295,0.48135593220338985,30
DXCM,0.4176486788665512,0.45928527118967166,0.9827772554233181,0.9776785298738166,89.30999755859375,391,0.3836317135549872,121
A,0.4067242654560539,0.460493440477827,0.9871475347191027,0.9836712549465849,121.57499694824219,391,0.4194373401534527,57
IQV,0.8640563449074874,1.0238574460220402,0.9835045623619855,0.9788687413253612,174.99000549316406,391,0.43478260869565216,20
DHR,0.8215487863865265,0.9431911236285462,0.9648295330621127,0.9588945466676386,286.04998779296875,391,0.3248081841432225,0
TMO,1.5233332193153084,1.563243373389039,0.9776186917376342,0.9767835835334232,594.7750244140625,391,0.37595907928388744,0
MOH,0.9312011365416526,1.0511599601198627,0.9739772355795979,0.9667980628771912,337.7250061035156,309,0.39158576051779936,86
CNC,0.35850519350992743,0.422215884800715,0.9868768233426063,0.9819458663665411,95.8656997680664,391,0.4833759590792839,32
HUM,1.7116000035922592,1.8478275752514157,0.983499134038319,0.9776943771652258,484.70001220703125,391,0.6572890025575447,208
CI,0.8738717709665839,1.0117416666836598,0.9865406198879532,0.9839383687871684,285.17999267578125,391,0.7416879795396419,243
ELV,1.9315584812771107,2.245417571669787,0.9741513235749845,0.9657536429415398,502.2799987792969,391,0.6112531969309463,213
CVS,0.25482733860989226,0.2827253664124349,0.944712137735283,0.9333288436153666,99.51000213623047,391,0.30179028132992325,10
UNH,1.224813500998472,1.3152397280422723,0.976705054837605,0.9712482940455912,523.4199829101562,391,0.5217391304347826,83
OGN,0.0738485493153026,0.08201216178998735,0.9859863978932261,0.983681411125218,24.3700008392334,391,0.3989769820971867,10
BIIB,0.9320382311640278,1.0627284857616235,0.9711129772216197,0.9648967403773847,210.10000610351562,391,0.46035805626598464,147
GILD,0.16203719958923404,0.16729748580796505,0.9905175405803761,0.9886529917299447,65.12999725341797,392,0.5714285714285714,198
AMGN,0.550134100854375,0.6078894640423149,0.9902211553838864,0.9874654710051154,239.4542999267578,391,0.46547314578005117,136
BMY,0.16121424399263065,0.17706624742941013,0.9828394615531331,0.9813434228665439,71.87000274658203,391,0.3938618925831202,54
MRK,0.20068934636489663,0.2212495132085184,0.9908036385382302,0.9887564582994371,92.04499816894531,391,0.47058823529411764,173
ABBV,0.3569204210999836,0.3900512986246951,0.9872081005022473,0.983672278679043,141.6999969482422,391,0.5166240409207161,156
PFE,0.1190799328049871,0.12740627107213287,0.981068617156748,0.9770422321936698,42.875,391,0.43478260869565216,36
LLY,0.9571127888463756,1.0277022789781132,0.9911854686435956,0.9887488359159772,303.8699951171875,391,0.5677749360613811,197
JNJ,0.2744362766826421,0.2940822934651284,0.9872778795645762,0.985468427094272,165.24000549316406,391,0.5319693094629157,86
IPG,0.07756713640946201,0.08267581683590813,0.9881757213553268,0.9850024807045404,29.155000686645508,391,0.4373401534526854,93
OMC,0.1728115708791407,0.19028287585330309,0.9867595653978669,0.9832607711044774,66.79000091552734,391,0.4424552429667519,88
NWS,0.051799871538969484,0.05765619401897202,0.9222054257128165,0.8893111417208245,15.760000228881836,395,0.25569620253164554,40
FOXA,0.07211780565770487,0.08651695117242854,0.9256210909740333,0.9062773942274113,34.86000061035156,392,0.22193877551020408,2
TTWO,0.39856953722412475,0.40501462330360216,0.9081809397817397,0.9066949047895466,115.91619873046875,391,0.3836317135549872,76
EA,0.26732769458273303,0.29783370330616143,0.9779552196502168,0.9745567072164157,127.31999969482422,391,0.4322250639386189,60
ATVI,0.0957522695592917,0.10154382445438494,0.9367319785000164,0.926035080061876,75.125,391,0.38107416879795397,0
LUMN,0.024573844413147482,0.0288632529522376,0.9717327825467981,0.964280796255047,11.050000190734863,391,0.35038363171355497,5
T,0.08090771774535427,0.09377692004933301,0.9628074675008164,0.9514211204661339,15.470000267028809,391,0.5191815856777494,82
TMUS,0.28247787918807193,0.31269972048067013,0.9851553185942311,0.9826638041565139,143.35000610351562,391,0.31202046035805625,13
VZ,0.1033848771530261,0.1156060432848647,0.9657495473102623,0.9589801078383403,38.439998626708984,391,0.4040920716112532,0
DISH,0.07069997715098138,0.07928200154513931,0.9822238632002104,0.9791054553540962,17.53499984741211,391,0.36061381074168797,18
PARA,0.06725679441295741,0.07345082327193668,0.9549373666548268,0.9472715966205686,23.065000534057617,393,0.33587786259541985,13
LYV,0.271779501691485,0.28886216762380496,0.9463450322721748,0.9456401627895986,77.37000274658203,392,0.37244897959183676,17
WBD,0.05500644197473648,0.05894008343927758,0.9533052171390045,0.9446732189946249,13.1850004196167,394,0.39086294416243655,75
NFLX,1.459725005021338,1.6754153490193269,0.9878347433690213,0.9842619053632913,224.264404296875,257,0.7003891050583657,180
CHTR,1.0701442785263655,1.1584585240542193,0.9858610024296305,0.9834696508689118,480.29998779296875,395,0.37468354430379747,40
DIS,0.3209278881480411,0.34953872421486026,0.9865275220200764,0.9847270242710839,112.16999816894531,391,0.2966751918158568,21
CMCSA,0.08095099862434872,0.09224350605909645,0.9734430138101355,0.9659129857965852,34.369998931884766,395,0.3037974683544304,14
MTCH,0.22574007065335092,0.23999233001026907,0.9763087471021179,0.9727599698037513,69.02999877929688,392,0.45918367346938777,2
TWTR,0.13513989707820806,0.1725405133555724,0.9709625724521068,0.956863644921497,41.650001525878906,391,0.36828644501278773,125
META,0.6421053290940306,0.7103784102354824,0.9433943419183044,0.9300831506355198,174.88009643554688,393,0.366412213740458,7
GOOG,0.30822902704058563,0.33927115983375117,0.9607956207808491,0.9581678330533183,114.87999725341797,393,0.3994910941475827,25
AIZ,0.4765146913450574,0.47896754437081174,0.9846453349074734,0.9891325468656557,171.47000122070312,383,0.3472584856396867,2
RE,0.8651596910910687,0.9440206568283089,0.9623652627354683,0.9572318020916373,284.3699951171875,284,0.6443661971830986,120
LNC,0.14783184846168973,0.1564352670861605,0.9936016803566664,0.9927138893501835,50.01499938964844,392,0.44642857142857145,124
GL,0.2462008242706047,0.25967712827633815,0.9801943186141756,0.9768780724850756,106.0199966430664,336,0.3541666666666667,109
AFL,0.1293016898343224,0.13874297570373048,0.9837357343997088,0.9788227679713097,57.7400016784668,391,0.46547314578005117,79
PRU,0.22289895895194287,0.23957310002192028,0.9907041414029174,0.9881967627903154,96.83000183105469,393,0.45038167938931295,106
MET,0.15004441535255025,0.16337189049746226,0.9879135345154721,0.9835492459438233,63.029998779296875,256,0.6171875,131
BRO,0.23636664228955284,0.23723237491748964,0.9856204817883896,0.9909454691967858,62.290000915527344,392,0.42857142857142855,12
WTW,0.4988732403955195,0.5238295844585757,0.9719703674053695,0.9684946194389995,206.05499267578125,332,0.4608433734939759,28
AJG,0.4435814875716199,0.4568250492838064,0.9595746313194748,0.9581455669846506,171.72999572753906,391,0.46035805626598464,12
AON,0.7513434331921884,0.7520638862097928,0.9487324631415289,0.9484241007113583,274.8500061035156,391,0.4117647058823529,10
MMC,0.3953141261880462,0.42268013694207324,0.9356553720427346,0.9306549410921675,152.8800048828125,392,0.3622448979591837,13
IVZ,0.059823760777228355,0.06610096373036162,0.9456135671259498,0.9284525999745631,14.90999984741211,391,0.37084398976982097,17
BEN,0.06581270644746433,0.07273581848235351,0.9888468004048442,0.9869177815176826,22.135000228881836,391,0.3631713554987212,24
NTRS,0.22608012638009398,0.2470015513333558,0.9838329199457805,0.9820481461476801,86.4000015258789,391,0.2531969309462916,0
STT,0.23508161843504458,0.2545960096172996,0.9928076077598557,0.9912754080358844,63.90999984741211,391,0.4322250639386189,67
AMP,1.0809738370399633,1.155511029976532,0.9768188701914315,0.9710170437791815,269.4599914550781,392,0.44642857142857145,41
TROW,0.2907798051925584,0.31072483563750614,0.9934842741549076,0.9926154991821635,125.98999786376953,392,0.35459183673469385,8
BK,0.11219845468678534,0.12011019574533673,0.9895400195473365,0.9884390107441897,43.25,391,0.35805626598465473,20
BLK,1.8204831566402968,2.0465362121420925,0.9931362899763462,0.9909565591604826,695.3699951171875,391,0.36828644501278773,27
L,0.12174881186603335,0.12866959374625567,0.9764091496785839,0.9712284809789941,54.34000015258789,393,0.5038167938931297,59
WRB,0.1813522731826866,0.19534128837101106,0.9678408109833648,0.9672568473689193,66.86000061035156,391,0.33248081841432225,119
CINF,0.261041227354813,0.2714810130797001,0.9244186034713774,0.9214377070845496,96.51000213623047,391,0.42710997442455245,44
ALL,0.610210359951479,0.7157978700883566,0.9590669217066077,0.9460254051686108,130.7100067138672,391,0.289002557544757,20
TRV,0.42375245554086827,0.4722036101065448,0.9713609437569758,0.9625362638398047,174.00999450683594,391,0.4884910485933504,169
PGR,0.26601259907528607,0.26694418289662425,0.977166980553061,0.9764047024665838,112.76000213623047,333,0.24624624624624625,10
CB,0.5770583157408643,0.777215452561334,0.9794042199135181,0.926444092014442,196.8000030517578,391,0.5754475703324808,140
CBOE,0.20886289192878743,0.2525528626654341,0.9863130687077806,0.9808187421197079,119.98500061035156,427,0.405152224824356,55
FDS,0.8456739544027468,0.8360394977910873,0.5312834833789829,0.6249816355653341,417.9800109863281,42,0.5238095238095238,14
NDAQ,0.14365099326072756,0.1640433578860908,0.9931462867869134,0.9910639782246373,62.0433349609375,391,0.4833759590792839,23
MSCI,1.6149542971889608,1.8053841564370443,0.9946220403144825,0.9921050442165067,448.8900146484375,349,0.45272206303724927,29
MCO,0.6977293388282922,0.7358199678647283,0.9936387580047072,0.9934688577714901,261.55999755859375,391,0.47058823529411764,14
ICE,0.21061075778269533,0.22753041513153244,0.9852084958190854,0.9823308250373752,93.72000122070312,391,0.3734015345268542,12
CME,0.37329081990329005,0.4191204277234662,0.9615036698659689,0.9582005892956829,180.63499450683594,391,0.35294117647058826,1
SPGI,0.8266694595543906,0.8611939550889397,0.9909571487282672,0.989954896353856,376.54998779296875,391,0.4143222506393862,7
MKTX,0.7774110478066265,0.8486331079920022,0.9668851563712801,0.9608562496802756,262.989990234375,260,0.4,36
RJF,0.2646836940541062,0.28589526099138346,0.9895206438496453,0.9865083224213742,102.29000091552734,393,0.35368956743002544,11
GS,0.8492069396254804,0.889799514587378,0.9917277199590739,0.9905718456936027,306.0,392,0.41581632653061223,48
SCHW,0.19511204859651354,0.2051861282272315,0.9881807068939005,0.9855705283315774,72.08000183105469,392,0.36989795918367346,19
MS,0.21870794292245388,0.262986556741338,0.9821112021877242,0.9700506688413676,90.83999633789062,391,0.2813299232736573,3
ZION,0.20447374907526739,0.20888251412482964,0.9817735081166302,0.9812845775859595,51.459999084472656,392,0.34438775510204084,4
CMA,0.25538574219071947,0.2875428044926486,0.9808053794329904,0.9766658173051759,77.4000015258789,469,0.2515991471215352,0
SBNY,0.6554138572095293,0.682919431054223,0.9880824905375669,0.9878528946907131,172.10499572753906,392,0.3852040816326531,4
KEY,0.06486836675694732,0.066267274325485,0.9903985301952495,0.989531979786268,16.844999313354492,391,0.3938618925831202,27
RF,0.08674043381370584,0.09416846396630235,0.9824335859175235,0.9752065239712295,21.25,392,0.3673469387755102,11
HBAN,0.058294864170763495,0.06326391854928587,0.9769705771424592,0.9692761584460532,13.211099624633789,392,0.48214285714285715,145
CFG,0.10981502884489183,0.11572836130799385,0.9902011063026737,0.9881108275939374,36.334999084472656,255,0.48627450980392156,89
FITB,0.13278058138183227,0.1406806179466591,0.9907499681751762,0.9884855546569062,34.76499938964844,391,0.37851662404092073,25
SIVB,1.9706633565912972,2.501730933373522,0.9945904326455732,0.9938296061138403,464.6000061035156,391,0.12276214833759591,0
FRC,0.3797236577306317,0.41172661694540996,0.9834523487048342,0.98007612504551,153.21499633789062,391,0.29923273657289,0
MTB,0.5804514122907517,0.6366096396600995,0.8842939489959748,0.8402432214638329,187.00999450683594,391,0.13810741687979539,0
TFC,0.11806016263267183,0.1301785063116345,0.9921457074444182,0.9901832776068971,46.29999923706055,392,0.32908163265306123,1
PNC,0.4701240944006385,0.5087332091276661,0.9932624144438703,0.99190452762422,147.2100067138672,391,0.36828644501278773,27
USB,0.09363641900160773,0.11013727723781203,0.985242465774215,0.9795623068839269,41.46500015258789,391,0.289002557544757,3
PFG,0.1714596446099086,0.18131446261632644,0.9715861572462914,0.9627831838105658,76.0,391,0.35294117647058826,81
HIG,0.15425359184271853,0.16895306769040877,0.9840578176797654,0.9795082890424661,63.2599983215332,391,0.5140664961636828,114
AIG,0.13022152853172628,0.14065454739894592,0.981395970560925,0.9774646993273549,54.56999969482422,391,0.40664961636828645,62
BRK-B,0.5716231562872431,0.6021491286003439,0.9899220372842087,0.9877513713240734,293.6300048828125,391,0.41687979539641945,53
C,0.09761751434571932,0.1173439209223073,0.9937343276257642,0.992006564918709,42.380001068115234,255,0.26666666666666666,10
WFC,0.10349683457196182,0.11492573145484525,0.9809185155998187,0.9743768967665885,40.22999954223633,391,0.45524296675191817,99
BAC,0.08689563771517353,0.0931171702948177,0.9827627675983316,0.9805000787888378,33.474998474121094,391,0.35294117647058826,82
JPM,0.3194199359004245,0.355525025504269,0.984836384565465,0.981429315931891,114.86000061035156,391,0.4296675191815857,122
SYF,0.1429288827021531,0.15369595302020728,0.9901182740481677,0.9881083055321088,31.65999984741211,392,0.43112244897959184,74
DFS,0.3818608215421547,0.41791456110226194,0.9840950235717166,0.97948962861393,104.8499984741211,391,0.3631713554987212,22
COF,0.3423931310007284,0.3759650352232656,0.9862721161138495,0.9834920529910257,113.33999633789062,391,0.3145780051150895,15
PYPL,0.401105434305255,0.44047500423749086,0.9710926727315854,0.9667126805027366,82.62989807128906,392,0.25510204081632654,11
AXP,0.5599856436144883,0.6332893598238856,0.9764630894279294,0.9713881526511255,143.91000366210938,391,0.340153452685422,16
MA,0.7949941308399162,0.9074233641414254,0.9878617033715483,0.9820296156879842,354.489990234375,391,0.42455242966751916,35
V,0.61127581111423,0.6873543090059613,0.9764720292124695,0.9701570607313568,192.66000366210938,391,0.46547314578005117,54
SEDG,1.290256467798593,1.4869888932945032,0.9842051254103238,0.9785888825712206,329.3500061035156,392,0.3903061224489796,7
ENPH,1.8819234868884551,2.046813335887088,0.9814698237062941,0.9764525558797648,296.0400085449219,392,0.3826530612244898,24
TRMB,0.15586815293704742,0.18538684193629623,0.9892414237697145,0.9856665268373843,56.1150016784668,393,0.3256997455470738,16
TDY,3.3274388338712524,4.034055164711539,0.7844287228210683,0.5913005893896431,337.9150085449219,53,0.660377358490566,30
FTV,0.15742910528842122,0.17516110391584241,0.9791410582879669,0.9729273726952172,60.400001525878906,255,0.4235294117647059,29
GRMN,0.22178234038722844,0.23525768668976083,0.9771261118223115,0.9748429711286082,97.83999633789062,391,0.40664961636828645,16
KEYS,0.474792979042779,0.5096781711210399,0.9910929558812325,0.9900468785682139,164.91000366210938,393,0.5267175572519084,76
GLW,0.11925702964355914,0.12244669941552566,0.9318123395958146,0.9318222462940459,31.170000076293945,391,0.4194373401534527,40
TEL,0.3211262683458677,0.33357490361187714,0.9833157004532781,0.9819559702757339,137.9199981689453,393,0.4223918575063613,17
APH,0.17711969338134892,0.19233399281002556,0.9808986994743789,0.9774386013787739,73.05000305175781,391,0.4373401534526854,33
NTAP,0.18862318323279714,0.20318054840485716,0.9891052053430367,0.9877351768029954,65.81999969482422,393,0.44529262086513993,33
WDC,0.12469734555808688,0.13585475806483774,0.9774233134552928,0.975243516665085,47.595001220703125,392,0.3852040816326531,21
STX,0.2524329606588931,0.25536492196258387,0.9590547897401972,0.9625678872579955,52.165000915527344,391,0.4680306905370844,22
ANET,0.39104466240456387,0.4236116384289283,0.9666151040221297,0.9641518918320547,109.30999755859375,392,0.3137755102040816,6
HPQ,0.09732744223533361,0.10283967377433566,0.9794366301576547,0.9777197999686177,25.905000686645508,391,0.4424552429667519,38
TER,0.3453790718109975,0.38854090526490814,0.9867651028465636,0.9833731231375616,100.44999694824219,393,0.3994910941475827,16
KLAC,1.16681055539982,1.300707244560213,0.9892436876236926,0.9864965551249469,364.45001220703125,393,0.36895674300254455,12
LRCX,1.982737472534977,2.105780861089354,0.9765824475548465,0.9714616639640758,506.17999267578125,394,0.44416243654822335,19
AMAT,0.40931059565912237,0.4416952461392396,0.9868112233256244,0.9844549686404539,85.0,391,0.47058823529411764,39
JNPR,0.10139967660431709,0.11196419916145418,0.9788171075864035,0.9716747821093616,28.13050079345703,391,0.48081841432225064,79
ZBRA,0.9431099710095054,0.9841609726084735,0.9830540641921869,0.9818457152411596,262.30999755859375,164,0.3902439024390244,2
HPE,0.042188952479380364,0.04479238943179316,0.9891937119980817,0.9878544490312708,11.994999885559082,391,0.46035805626598464,68
MSI,0.5475742044267963,0.5919613734246849,0.9920901736992642,0.9902567944545678,229.38999938964844,392,0.41836734693877553,21
CSCO,0.11553462703896139,0.1281047044177753,0.9842804164035435,0.978486892952731,39.970001220703125,392,0.41581632653061223,48
CDAY,0.2787814260639746,0.3121021927033939,0.9906250365326341,0.9878801479849033,63.650001525878906,392,0.3877551020408163,50
PTC,0.3004619787366112,0.30972156963185615,0.9884533563487122,0.9879357806390527,123.5199966430664,347,0.4322766570605187,45
TYL,1.5472664669529006,1.4800130520190022,0.9963657652731958,0.9961265228296978,345.19000244140625,9,0.5555555555555556,2
PAYC,1.5059367338450265,1.4636374993711148,0.8817302455086906,0.8941397582173702,321.67999267578125,116,0.29310344827586204,3
ANSS,0.6488074292454229,0.7640500470667522,0.9679578822648989,0.9545849149396838,241.73500061035156,391,0.2864450127877238,12
ADSK,0.7434790427269873,0.7769612517848705,0.9901622489494448,0.9891324802403004,193.83999633789062,391,0.4578005115089514,71
CDNS,0.4571793023343535,0.49181697984096523,0.978522394792289,0.9792317502315028,165.5399932861328,391,0.3452685421994885,6
NOW,1.4584246682710469,1.6186789555947103,0.9687115830528985,0.9632889441276518,371.29998779296875,391,0.38618925831202044,7
INTU,1.31220707348848,1.4085725351567602,0.9879774472638634,0.9869882822528645,412.6499938964844,392,0.4030612244897959,48
CRM,0.42926858251970035,0.4678785143852402,0.9832850378371059,0.9807355349941123,145.41009521484375,256,0.37890625,51
DXC,0.10389690087842716,0.1185548819730488,0.9311018060506882,0.9124958222523073,26.639999389648438,392,0.45918367346938777,165
JKHY,0.36591235561516344,0.3772942680987752,0.9888612742897228,0.987776401774514,198.06500244140625,229,0.4978165938864629,10
LDOS,0.19922720251726656,0.2071954718571752,0.9858105085349259,0.9846111643245745,89.11000061035156,391,0.48081841432225064,74
FLT,0.5814525188679327,0.6420553464334265,0.9884668765192389,0.9854956706441675,225.17999267578125,392,0.35714285714285715,5
BR,0.32959032668789323,0.33635788547260564,0.9763069414723916,0.9748167017016695,142.1300048828125,374,0.38235294117647056,1
EPAM,1.2432721645618263,1.3975785699543393,0.8076899778520915,0.8309522458465315,420.30999755859375,122,0.22131147540983606,0
IT,0.7866416069684538,0.8626284358984297,0.988240674513536,0.9867428903557776,295.2099914550781,314,0.49363057324840764,15
CDW,0.38750944615496036,0.41271459197792526,0.9902602881411987,0.9896061489589447,186.1699981689453,332,0.3885542168674699,27
CTSH,0.15271875770606877,0.1621333424950928,0.9665719639529303,0.9618286410082224,67.02999877929688,392,0.3673469387755102,32
FIS,0.20511247779793595,0.2262276800126413,0.987149213284981,0.9824288792167908,78.97000122070312,391,0.4040920716112532,15
FISV,0.2400300868319212,0.2673890862529894,0.9883628477156259,0.9836504123116034,98.94000244140625,392,0.33418367346938777,13
IBM,0.35749198637186347,0.4184443222050334,0.9826781043578874,0.9738750875596371,125.54000091552734,391,0.5319693094629157,86
ACN,0.7196943770954297,0.7896318728487897,0.9898797667794192,0.9869496336067074,287.04998779296875,391,0.39641943734015345,30
QRVO,0.2820731210751054,0.29555030409711175,0.9779476357898191,0.9751351926264638,104.69999694824219,393,0.3816793893129771,38
SWKS,0.2725708165753805,0.29524245401813737,0.9822797237888451,0.9795332855140434,80.7300033569336,391,0.3836317135549872,9
MPWR,1.5998386389691548,1.6422711794543454,0.9722429201953232,0.9714045341412149,333.75,334,0.40119760479041916,11
ON,0.3054881724489614,0.3262223119863198,0.9818052900942374,0.9793800002357207,72.11000061035156,391,0.3631713554987212,29
MCHP,0.22932110765563413,0.2458552243856035,0.9840304381044968,0.9809676123080028,63.79999923706055,393,0.35877862595419846,14
NXPI,0.523915035788959,0.55065777474173,0.9734898354095752,0.971908669959019,137.5800018310547,391,0.3554987212276215,11
MU,0.20209032033379887,0.21836498259276066,0.969968943249564,0.9658598627425908,54.11399841308594,256,0.3203125,40
ADI,0.48485439620268517,0.5015136684981143,0.9103773443781518,0.9045819938759215,162.72000122070312,391,0.36828644501278773,21
AMD,0.3007672695197743,0.32298317934916515,0.9639968939471553,0.9592777430180379,68.62999725341797,392,0.375,10
TXN,0.5386766306805331,0.5755897975687283,0.9714847808444481,0.9685454115403012,167.0399932861328,391,0.4117647058823529,14
QCOM,0.3595482791894542,0.409882838400335,0.9768600724902022,0.9726817706904513,111.0790023803711,391,0.309462915601023,14
INTC,0.09032845832498447,0.10040256088588696,0.9684410063901447,0.963881597043618,36.060001373291016,391,0.3452685421994885,22
AVGO,1.3285795575277048,1.469212938400026,0.9884773691105351,0.9846984813818321,547.2249755859375,391,0.3631713554987212,19
NVDA,0.655943409385396,0.6845786806429346,0.9730170008587801,0.9690215215721005,188.6273956298828,393,0.3944020356234097,33
AAPL,0.34874548511342557,0.3615740402826561,0.9890648846931833,0.9887647361103882,163.92999267578125,392,0.37244897959183676,16
FFIV,0.5860744814161079,0.6552127232894842,0.9611050180547568,0.962923242554201,158.36500549316406,283,0.43462897526501765,19
NLOK,0.04027099568321694,0.044742772181685944,0.984556038395223,0.9817928457071394,23.3700008392334,394,0.3730964467005076,38
AKAM,0.2266011000071266,0.25130717773285294,0.9775289339953942,0.9741598837408605,80.45999908447266,393,0.356234096692112,39
VRSN,0.4411557941475413,0.4838955220751978,0.9840531518273051,0.9770046570694393,181.44000244140625,258,0.4806201550387597,42
FTNT,0.20312282347146987,0.22129853321543405,0.986223576309471,0.9842494699073325,50.380001068115234,392,0.4336734693877551,125
SNPS,0.8155766777299126,0.8637943164878563,0.968650264953128,0.9677393024882375,368.5899963378906,332,0.3674698795180723,8
ADBE,1.045744708266138,1.1294098971786513,0.9888509966689956,0.9867852324327318,290.9700927734375,391,0.4373401534526854,62
ORCL,0.26974603215258064,0.3062809387808472,0.9848751991898419,0.9803957820241741,76.72000122070312,391,0.5345268542199488,79
MSFT,0.6844332380872391,0.7279869209225496,0.9696706157007631,0.9680171008994551,259.3800048828125,392,0.40816326530612246,15
